step,date_main,price_main,action_main,action_name_main,prob_hold_main,prob_buy_main,prob_sell_main,confidence_main,value_estimate_main,portfolio_value_main,cash_main,position_value_main,position_quantity_main,rsi_14_main,macd_main,sma_20_main,sma_50_main,bb_position_main,date_other,price_other,action_other,action_name_other,prob_hold_other,prob_buy_other,prob_sell_other,confidence_other,value_estimate_other,portfolio_value_other,cash_other,position_value_other,position_quantity_other,rsi_14_other,macd_other,sma_20_other,sma_50_other,bb_position_other,disagreement,price_change_next_5d,main_was_right
0,2024-08-20,59012.79296875,1,BUY,0.332648,0.45477176,0.21258023,0.45477176,0.21807914972305298,100000.0,100000.0,0.0,0.0,57.38886707462146,-992.0435408539488,59225.1578125,61371.839609375,0.4787728605797276,2024-08-20,59012.79296875,2,SELL,0.34416956,0.30235547,0.353475,0.353475,0.390537291765213,100000.0,100000.0,0.0,0.0,57.38886707462146,-992.0435408539488,59225.1578125,61371.839609375,0.4787728605797276,True,0.09016265342359886,True
1,2024-08-21,61175.19140625,1,BUY,0.30168685,0.4685277,0.22978553,0.4685277,0.24352005124092102,99999.0,98999.0,999.9999999999999,0.01694547825468193,64.42404153868516,-769.8619935819952,59016.0423828125,61354.763125,0.7564499948470199,2024-08-21,61175.19140625,2,SELL,0.36481532,0.24587917,0.38930556,0.38930556,0.5528935194015503,100000.0,100000.0,0.0,0.0,64.42404153868516,-769.8619935819952,59016.0423828125,61354.763125,0.7564499948470199,True,0.027878437497226294,True
2,2024-08-22,60381.9140625,1,BUY,0.33231664,0.44182906,0.22585428,0.44182906,0.2581327259540558,100034.64251927186,97997.64321481423,2036.9993044576208,0.03329780026237089,45.69354750871043,-650.2961592540305,58964.384765625,61358.92296875,0.6724526365605819,2024-08-22,60381.9140625,2,SELL,0.36856386,0.25757536,0.3738608,0.3738608,0.4501011371612549,100000.0,100000.0,0.0,0.0,45.69354750871043,-650.2961592540305,58964.384765625,61358.92296875,0.6724526365605819,True,-0.014537155100638688,False
3,2024-08-23,64094.35546875,1,BUY,0.29609028,0.46069637,0.2432134,0.46069637,0.10987270623445511,100007.22804644571,96996.56085124568,3010.6671952000393,0.04986041336953584,58.78029448408943,-253.0592690768026,59135.0978515625,61501.256015625,1.0324321374338394,2024-08-23,64094.35546875,0,HOLD,0.38716996,0.26626852,0.34656152,0.38716996,0.3218172788619995,100000.0,100000.0,0.0,0.0,58.78029448408943,-253.0592690768026,59135.0978515625,61501.256015625,1.0324321374338394,True,-0.07905111817873489,False
4,2024-08-24,64178.9921875,1,BUY,0.31279927,0.45342705,0.2337737,0.45342705,0.13976314663887024,100191.32998625243,95993.63560883087,4197.69437742156,0.06549241889901207,58.82289735944342,67.80172807432245,59438.1986328125,61651.588359375,0.9609870871359113,2024-08-24,64178.9921875,2,SELL,0.34629804,0.23219834,0.4215036,0.4215036,0.39381498098373413,100000.0,100000.0,0.0,0.0,58.82289735944342,67.80172807432245,59438.1986328125,61651.588359375,0.9609870871359113,True,-0.0746476742109562,False
5,2024-08-25,64333.54296875,1,BUY,0.3073142,0.4656748,0.22701097,0.4656748,0.06790841370820999,100195.87108096055,94990.66490960347,5205.206171357084,0.08110451713155586,67.27308389662392,330.7447171890235,59955.3029296875,61772.1884375,0.9457969463818708,2024-08-25,64333.54296875,2,SELL,0.34203535,0.25077662,0.407188,0.407188,0.5000138878822327,100000.0,100000.0,0.0,0.0,67.27308389662392,330.7447171890235,59955.3029296875,61772.1884375,0.9457969463818708,True,-0.0810474002462872,False
6,2024-08-26,62880.66015625,1,BUY,0.31856886,0.44875818,0.23267297,0.44875818,0.1559891402721405,100207.40376338766,93987.57876707053,6219.824996317131,0.09668090251672302,60.32924775442678,417.0855274106434,60297.6201171875,61912.819453125,0.7742004582865142,2024-08-26,62880.66015625,2,SELL,0.37167093,0.23972994,0.3885991,0.3885991,0.42786991596221924,100000.0,100000.0,0.0,0.0,60.32924775442678,417.0855274106434,60297.6201171875,61912.819453125,0.7742004582865142,True,-0.062193394742235286,False
7,2024-08-27,59504.1328125,1,BUY,0.31781796,0.46874237,0.21343958,0.46874237,0.16438382863998413,100065.93707244672,92985.90872027488,7080.0283521718375,0.11259468864638057,47.119798806968475,210.62574130323628,60521.4537109375,61968.80015625,0.3738543258648838,2024-08-27,59504.1328125,0,HOLD,0.38366377,0.3243099,0.2920264,0.38366377,0.13052065670490265,100000.0,100000.0,0.0,0.0,47.119798806968475,210.62574130323628,60521.4537109375,61968.80015625,0.3738543258648838,True,-0.036613331348177125,False
8,2024-08-28,59027.625,1,BUY,0.3132926,0.45361355,0.23309387,0.45361355,0.18881091475486755,99684.76116989092,91988.0542824199,7696.706887471028,0.1293474339290629,50.815860742907326,8.45718604754802,60387.328125,61989.168125,0.33189816278930273,2024-08-28,59027.625,0,HOLD,0.37988898,0.35392857,0.26618248,0.37988898,0.19233033061027527,100000.0,100000.0,0.0,0.0,50.815860742907326,8.45718604754802,60387.328125,61989.168125,0.33189816278930273,True,0.001437555191319273,True
9,2024-08-29,59388.1796875,1,BUY,0.31552047,0.47428685,0.2101927,0.47428685,0.14615342020988464,99622.12987583583,90990.82679008786,8631.30308574797,0.14622480721099604,55.38373966568031,-121.27116207069776,60312.7314453125,62022.081796875,0.38616741796108156,2024-08-29,59388.1796875,0,HOLD,0.37689495,0.30013332,0.3229717,0.37689495,0.24205809831619263,100000.0,100000.0,0.0,0.0,55.38373966568031,-121.27116207069776,60312.7314453125,62022.081796875,0.38616741796108156,True,-0.032955316365959275,False
10,2024-08-30,59119.4765625,1,BUY,0.3134742,0.46576592,0.22075981,0.46576592,0.14230674505233765,99673.85516698539,89993.08152241366,9680.773644571724,0.1630084251699893,50.70815722992998,-242.96318082920334,60221.4146484375,62057.573046875,0.3650627658451137,2024-08-30,59119.4765625,0,HOLD,0.3873902,0.32657042,0.28603935,0.3873902,0.3460906445980072,100000.0,100000.0,0.0,0.0,50.70815722992998,-242.96318082920334,60221.4146484375,62057.573046875,0.3650627658451137,True,-0.019417247356485312,False
11,2024-08-31,58969.8984375,1,BUY,0.34037402,0.45056042,0.20906559,0.45056042,0.2316390573978424,99629.05799319794,88995.78467893331,10633.273314264627,0.17986074864893856,48.35540753330186,-347.4692775108924,60233.9353515625,62078.98171875,0.34453166651148354,2024-08-31,58969.8984375,2,SELL,0.3596538,0.27317902,0.3671672,0.3671672,0.26902157068252563,100000.0,100000.0,0.0,0.0,48.35540753330186,-347.4692775108924,60233.9353515625,62078.98171875,0.34453166651148354,True,-0.04764142775703761,False
12,2024-09-01,57325.48828125,1,BUY,0.3031677,0.48752615,0.20930617,0.48752615,0.1333279311656952,99601.15873810633,87998.76710978917,11602.391628317162,0.19675108717736906,46.40818483805161,-556.565527802697,60132.483984375,62040.852421875,0.17011662122793464,2024-09-01,57325.48828125,1,BUY,0.35504124,0.37146375,0.273495,0.37146375,0.03558380901813507,100000.0,100000.0,0.0,0.0,46.40818483805161,-556.565527802697,60132.483984375,62040.852421875,0.17011662122793464,False,-0.05890458984724356,False
13,2024-09-02,59112.48046875,1,BUY,0.3135339,0.44576505,0.2407011,0.44576505,0.2128569781780243,99276.62647590612,87004.99814107566,12271.628334830453,0.214069320694199,48.8731367512776,-571.4926658911136,60057.6296875,62007.346171875,0.3893741843341667,2024-09-02,59112.48046875,0,HOLD,0.35625428,0.3210435,0.3227022,0.35625428,0.26947280764579773,99999.0,98999.0,1000.0,0.017444247401675942,48.8731367512776,-571.4926658911136,60057.6296875,62007.346171875,0.3893741843341667,True,-0.08412424803217122,False
14,2024-09-03,57431.0234375,1,BUY,0.32854646,0.47175375,0.19969974,0.47175375,0.09109456092119217,99658.17008790329,86007.40988261317,13650.76020529012,0.2309285635967626,45.63165783468278,-710.8083045969543,59992.3173828125,61858.56359375,0.20861239289897654,2024-09-03,57431.0234375,0,HOLD,0.38918594,0.3536417,0.2571724,0.38918594,-0.10372242331504822,100030.17273382361,98999.0,1031.1727338236121,0.017444247401675942,45.63165783468278,-710.8083045969543,59992.3173828125,61858.56359375,0.20861239289897654,True,-0.04508812269501006,False
15,2024-09-04,57971.5390625,1,BUY,0.3158682,0.45094332,0.23318855,0.45094332,0.17276525497436523,99268.88093219075,85013.71844756759,14255.162484623153,0.24821362447313,40.28197078577714,-768.740298687313,60012.889453125,61716.05140625,0.2653990952425721,2024-09-04,57971.5390625,1,BUY,0.3605205,0.3765177,0.26296175,0.3765177,-0.0029746443033218384,100000.8409813752,98999.0,1001.8409813751995,0.017444247401675942,40.28197078577714,-768.740298687313,60012.889453125,61716.05140625,0.2653990952425721,False,-0.016421918783691924,False
16,2024-09-05,56160.48828125,1,BUY,0.32630607,0.46776754,0.2059264,0.46776754,0.15231817960739136,99402.0502441136,84018.69397437928,15383.356269734324,0.26536049445141163,37.93934074921091,-949.8393273343318,59876.20859375,61556.8853125,0.10127285012752552,2024-09-05,56160.48828125,1,BUY,0.3419513,0.43706164,0.22098711,0.43706164,-0.15224935114383698,100009.26976696348,97997.89719860468,2011.3725683587927,0.03469586284728962,37.93934074921091,-949.8393273343318,59876.20859375,61556.8853125,0.10127285012752552,False,0.026499460773863337,True
17,2024-09-06,53948.75390625,1,BUY,0.2466684,0.48215795,0.2711737,0.48215795,0.30583521723747253,98920.47969863536,83028.4900705569,15891.989628078454,0.28297456297907986,18.29519636838242,-1257.3363018887248,59599.69765625,61356.3790625,-0.02693156829917355,2024-09-06,53948.75390625,1,BUY,0.29287946,0.56849235,0.13862823,0.56849235,0.26494938135147095,99945.43433310976,96997.43339629222,2948.0009368175433,0.052492437780349156,18.29519636838242,-1257.3363018887248,59599.69765625,61356.3790625,-0.02693156829917355,False,0.06291930254123534,True
18,2024-09-07,54139.6875,1,BUY,0.3071598,0.49304196,0.19979818,0.49304196,0.3623638451099396,98293.63218429263,82044.56097310116,16249.071211191458,0.3011945602938012,18.834420909004038,-1468.6929462474145,59382.4837890625,61104.9696875,0.05414127912774664,2024-09-07,54139.6875,1,BUY,0.3262731,0.48971555,0.1840114,0.48971555,0.146219402551651,99828.33671069337,95998.14175290175,3830.194957791631,0.0709969124485728,18.834420909004038,-1468.6929462474145,59382.4837890625,61104.9696875,0.05414127912774664,False,0.07364882220182745,True
19,2024-09-08,54841.56640625,1,BUY,0.29117668,0.5086949,0.20012847,0.5086949,0.3649044930934906,98350.15683270403,81060.06605825665,17290.090774447377,0.3193607420517043,21.50194424389811,-1561.558177126768,59149.889453125,60858.528046875,0.1536271565577273,2024-09-08,54841.56640625,1,BUY,0.3482977,0.44841456,0.2032878,0.44841456,0.0149620920419693,99840.89398740827,94998.72440991436,4842.169577493914,0.08943844711874102,21.50194424389811,-1561.558177126768,59149.889453125,60858.528046875,0.1536271565577273,False,0.10447794894397866,True
20,2024-09-09,57019.53515625,1,BUY,0.31235367,0.4583143,0.229332,0.4583143,0.2661591172218323,98573.32365794046,80073.3372211523,18499.986436788164,0.33733512095088186,33.13715335843574,-1442.7792049994605,59050.2265625,60635.82828125,0.33862674344720095,2024-09-09,57019.53515625,1,BUY,0.35153338,0.40378365,0.24468297,0.40378365,0.09798429906368256,99902.66991015921,93998.68868375641,5903.981226402802,0.10765522601356545,33.13715335843574,-1442.7792049994605,59050.2265625,60635.82828125,0.33862674344720095,False,0.05236075547299057,True
21,2024-09-10,57648.7109375,1,BUY,0.3185982,0.4561412,0.22526059,0.4561412,0.2037094533443451,99307.03592935886,79079.26385076571,20227.772078593145,0.35475161316491277,43.65947842486252,-1283.0861678769288,58873.9025390625,60437.0975,0.40180552854490337,2024-09-10,57648.7109375,0,HOLD,0.3774054,0.33568287,0.2869118,0.3774054,0.2593151926994324,100136.13825679467,92996.31591607822,7139.822340716443,0.1252171263962652,43.65947842486252,-1283.0861678769288,58873.9025390625,60437.0975,0.40180552854490337,True,0.02661160978366417,True
22,2024-09-11,57343.171875,1,BUY,0.32838622,0.45183823,0.21977553,0.45183823,0.1490597128868103,99529.24175035107,78082.96617786797,21446.275572483093,0.3720165676511679,44.17567153607648,-1167.7219623777637,58721.9654296875,60265.4075,0.38937737090024394,2024-09-11,57343.171875,0,HOLD,0.3681004,0.33405504,0.29784462,0.3681004,0.22080856561660767,100214.92184012092,92996.31591607822,7218.605924042694,0.1252171263962652,44.17567153607648,-1167.7219623777637,58721.9654296875,60265.4075,0.38937737090024394,True,0.014811457227225544,True
23,2024-09-12,58127.01171875,1,BUY,0.32744026,0.44003126,0.2325285,0.44003126,0.16426104307174683,99414.58200127489,77087.81626053604,22326.76574073885,0.38935351866143786,45.76327991334945,-1001.5009937544673,58423.5982421875,60120.505078125,0.4739719356386459,2024-09-12,58127.01171875,0,HOLD,0.37294734,0.33466813,0.2923845,0.37294734,0.2731530964374542,100176.66311671285,92996.31591607822,7180.347200634635,0.1252171263962652,45.76327991334945,-1001.5009937544673,58423.5982421875,60120.505078125,0.4739719356386459,True,0.03753035429217344,True
24,2024-09-13,60571.30078125,1,BUY,0.31057933,0.4622821,0.22713856,0.4622821,0.14997345209121704,99718.77560477797,76089.62133478296,23629.154269995008,0.4065090148505426,54.255212210486505,-664.871751314502,58243.213671875,60016.3865625,0.7268902223690906,2024-09-13,60571.30078125,0,HOLD,0.38070458,0.25503492,0.3642605,0.38070458,0.3677578270435333,100274.81328950213,92996.31591607822,7278.497373423907,0.1252171263962652,54.255212210486505,-664.871751314502,58243.213671875,60016.3865625,0.7268902223690906,True,0.017803462899773415,True
25,2024-09-14,60005.12109375,1,BUY,0.33508015,0.45407352,0.21084633,0.45407352,0.09022293239831924,100711.39401957336,75081.49019933568,25629.903820237683,0.4231360972880326,52.96184692949939,-438.7193369947054,58026.792578125,59858.247734375,0.7271167801558575,2024-09-14,60005.12109375,2,SELL,0.3490812,0.28238848,0.36853027,0.36853027,0.5378277897834778,100580.8801419902,92996.31591607822,7584.564225911979,0.1252171263962652,52.96184692949939,-438.7193369947054,58026.792578125,59858.247734375,0.7271167801558575,True,0.04891809038955075,True
26,2024-09-15,59182.8359375,1,BUY,0.3362046,0.44039944,0.22339599,0.44039944,0.088979072868824,100470.81823801128,74075.7672515437,26395.050986467584,0.4398799719982039,55.57633456811176,-322.13014351628954,57841.9013671875,59685.637734375,0.6782618814349708,2024-09-15,59182.8359375,2,SELL,0.33884025,0.24279247,0.41836724,0.41836724,0.5674703121185303,100502.47107966509,100502.47107966509,0.0,0.0,55.57633456811176,-322.13014351628954,57841.9013671875,59685.637734375,0.6782618814349708,True,0.06775850736917888,True
27,2024-09-16,58192.5078125,1,BUY,0.3318723,0.42766535,0.24046238,0.42766535,0.170284241437912,100108.11037539084,73073.67504576399,27034.43532962685,0.4567951991718773,47.09919134106528,-306.11486921251344,57776.3201171875,59484.370546875,0.5564850625706216,2024-09-16,58192.5078125,0,HOLD,0.3716546,0.2813153,0.34703004,0.3716546,0.38025397062301636,100502.47107966509,100502.47107966509,0.0,0.0,47.09919134106528,-306.11486921251344,57776.3201171875,59484.370546875,0.5564850625706216,True,0.08939865674825787,True
28,2024-09-17,60308.5390625,1,BUY,0.30026713,0.44743797,0.25229496,0.44743797,0.1276998519897461,99654.73668495353,72076.12115600871,27578.61552894482,0.47392038194684605,58.83120482759679,-121.27858741653472,57840.3658203125,59354.143046875,0.8232493495471692,2024-09-17,60308.5390625,0,HOLD,0.38355532,0.24434036,0.37210438,0.38355532,0.3626108169555664,100502.47107966509,100502.47107966509,0.0,0.0,58.83120482759679,-121.27858741653472,57840.3658203125,59354.143046875,0.8232493495471692,True,0.05538472539582595,True
29,2024-09-18,61649.6796875,1,BUY,0.3056416,0.4406468,0.25371164,0.4406468,0.1082836464047432,100656.56044749476,71068.53891010683,29588.021537387933,0.4906108156048144,60.759594921712164,131.90383236569323,57953.4408203125,59263.116328125,0.9472890011245091,2024-09-18,61649.6796875,0,HOLD,0.41454557,0.243901,0.34155345,0.41454557,0.22631368041038513,100502.47107966509,100502.47107966509,0.0,0.0,60.759594921712164,131.90383236569323,57953.4408203125,59263.116328125,0.9472890011245091,True,0.027252714081670293,True
30,2024-09-19,62940.45703125,1,BUY,0.31668937,0.43501705,0.24829358,0.43501705,0.039987899363040924,101313.52539798133,70054.38037928773,31259.145018693598,0.5070447271931513,70.45597151462667,431.7309427236687,58144.48984375,59229.54046875,1.0127936165779967,2024-09-19,62940.45703125,0,HOLD,0.40320703,0.24206732,0.35472566,0.40320703,0.20853126049041748,100502.47107966509,100502.47107966509,0.0,0.0,70.45597151462667,431.7309427236687,58144.48984375,59229.54046875,1.0127936165779967,True,0.021631741855226982,True
31,2024-09-20,63192.9765625,1,BUY,0.32797033,0.42575163,0.24627809,0.42575163,0.05053026229143143,101966.9875640377,69033.68062677419,32933.306937263515,0.5232454368882656,81.63037815241738,681.8622203662599,58355.64375,59186.25,0.9663155111723689,2024-09-20,63192.9765625,2,SELL,0.37725812,0.22930408,0.39343786,0.39343786,0.2759096026420593,100502.47107966509,100502.47107966509,0.0,0.0,81.63037815241738,681.8622203662599,58355.64375,59186.25,0.9663155111723689,True,-0.0007885691410771667,False
32,2024-09-21,63394.83984375,1,BUY,0.32943404,0.44316003,0.22740597,0.44316003,0.008990027010440826,102098.09626531688,68011.66846303674,34086.42780228014,0.5394021560064908,81.64410741574439,886.1665632302174,58659.111328125,59225.84546875,0.9209757624022317,2024-09-21,63394.83984375,2,SELL,0.34029418,0.2392148,0.42049095,0.42049095,0.4186864197254181,100502.47107966509,100502.47107966509,0.0,0.0,81.64410741574439,886.1665632302174,58659.111328125,59225.84546875,0.9209757624022317,True,0.028175474406157086,True
33,2024-09-22,63648.7109375,1,BUY,0.32848886,0.4406324,0.23087868,0.4406324,0.04696395993232727,102206.98175444167,68011.66846303674,34195.313291404935,0.5394021560064908,81.06399353872837,1056.3871292121694,58885.9228515625,59285.2178125,0.8935317230259116,2024-09-22,63648.7109375,2,SELL,0.35771114,0.22726408,0.41502482,0.41502482,0.40299081802368164,100502.47107966509,100502.47107966509,0.0,0.0,81.06399353872837,1056.3871292121694,58885.9228515625,59285.2178125,0.8935317230259116,True,0.033652733785972444,True
34,2024-09-23,63329.80078125,1,BUY,0.32998124,0.43041736,0.23960139,0.43041736,0.06257534772157669,102343.92036975815,68011.66846303674,34332.25190672141,0.5394021560064908,75.61660188361378,1152.2720943209715,59180.86171875,59389.474296875,0.828148915879076,2024-09-23,63329.80078125,2,SELL,0.36715254,0.23115054,0.4016969,0.4016969,0.4070216417312622,100502.47107966509,100502.47107966509,0.0,0.0,75.61660188361378,1152.2720943209715,59180.86171875,59389.474296875,0.828148915879076,True,0.04038932105731963,True
35,2024-09-24,64301.96875,1,BUY,0.32629013,0.43138823,0.24232161,0.43138823,0.08597464114427567,102171.89954390452,68011.66846303674,34160.231080867794,0.5394021560064908,76.27722474107453,1291.8161973199385,59497.383203125,59595.68453125,0.8590883840615966,2024-09-24,64301.96875,2,SELL,0.3571935,0.24474603,0.39806044,0.39806044,0.4226229786872864,100502.47107966509,100502.47107966509,0.0,0.0,76.27722474107453,1291.8161973199385,59497.383203125,59595.68453125,0.8590883840615966,True,0.020735538326732694,True
36,2024-09-25,63143.14453125,0,HOLD,0.39320397,0.38563782,0.22115822,0.39320397,-0.010580122470855713,102696.28904224874,68011.66846303674,34684.620579211994,0.5394021560064908,71.46067090929326,1293.982252620328,59846.516015625,59737.86109375,0.7465487590427008,2024-09-25,63143.14453125,1,BUY,0.25829595,0.6732423,0.06846181,0.6732423,-0.1341596245765686,100502.47107966509,100502.47107966509,0.0,0.0,71.46067090929326,1293.982252620328,59846.516015625,59737.86109375,0.7465487590427008,True,0.0029513175204280984,True
37,2024-09-26,65181.01953125,1,BUY,0.3838136,0.39719966,0.2189868,0.39719966,0.05048859864473343,102071.21676022245,68011.66846303674,34059.548297185705,0.5394021560064908,73.88426206125965,1443.4985950622795,60408.129296875,59940.932265625,0.8680760505480557,2024-09-26,65181.01953125,1,BUY,0.29189235,0.643462,0.06464571,0.643462,0.02233487367630005,100501.4660549543,99496.44134415765,1005.024710796651,0.01591660849736834,73.88426206125965,1443.4985950622795,60408.129296875,59940.932265625,0.8680760505480557,False,-0.06664534783269738,False
38,2024-09-27,65790.6640625,1,BUY,0.37992084,0.39895812,0.22112103,0.39895812,0.049302347004413605,103170.45092889416,68011.66846303674,35158.78246585743,0.5394021560064908,70.17937903747818,1592.8235143394486,60990.678125,60022.5428125,0.8871221465660504,2024-09-27,65790.6640625,1,BUY,0.29641876,0.63168687,0.07189434,0.63168687,-0.011257141828536987,100532.89677447475,98490.09698400156,2042.7997904731844,0.03134040868283437,70.17937903747818,1592.8235143394486,60990.678125,60022.5428125,0.8871221465660504,False,-0.07839834085502018,False
39,2024-09-28,65887.6484375,1,BUY,0.36228347,0.41482016,0.22289637,0.41482016,0.010216191411018372,103499.29450344799,68011.66846303674,35487.626040411255,0.5394021560064908,73.59954365735437,1699.4007828404792,61542.9822265625,60122.693515625,0.8712521385877624,2024-09-28,65887.6484375,1,BUY,0.28215277,0.6374946,0.08035266,0.6374946,-0.16454844176769257,100550.99776320254,97483.57143113637,3067.426332066168,0.04662403664374273,73.59954365735437,1699.4007828404792,61542.9822265625,60122.693515625,0.8712521385877624,False,-0.07783319355545937,False
40,2024-09-29,65635.3046875,1,BUY,0.37054974,0.40304992,0.22640035,0.40304992,-0.03508172556757927,103551.60808442193,68011.66846303674,35539.939621385194,0.5394021560064908,77.12652889630438,1743.4051153374166,61973.770703125,60216.483359375,0.8202759789385698,2024-09-29,65635.3046875,1,BUY,0.2753503,0.6403585,0.08429119,0.6403585,-0.14940916001796722,100554.51401106075,96477.01068027814,4077.503330782603,0.06188570130334002,77.12652889630438,1743.4051153374166,61973.770703125,60216.483359375,0.8202759789385698,False,-0.05435836920369286,False
41,2024-09-30,63329.5,0,HOLD,0.395017,0.38424128,0.22074169,0.395017,-0.17855507135391235,103415.49332161716,68011.66846303674,35403.82485858043,0.5394021560064908,69.44540228695331,1574.0747441844433,62257.81015625,60308.683671875,0.5998761182515807,2024-09-30,63329.5,1,BUY,0.24229878,0.7076696,0.05003162,0.7076696,-0.2850372791290283,100537.89215214706,95470.6163158915,5067.275836255562,0.07720350900146894,69.44540228695331,1574.0747441844433,62257.81015625,60308.683671875,0.5998761182515807,True,-0.019573039124736513,True
42,2024-10-01,60837.0078125,0,HOLD,0.39693412,0.38480607,0.21825986,0.39693412,-0.40665367245674133,102171.73730184979,68011.66846303674,34160.06883881306,0.5394021560064908,51.945013767260825,1224.639039643691,62432.501953125,60338.333515625,0.33714617247052603,2024-10-01,60837.0078125,1,BUY,0.21450643,0.74529356,0.040199973,0.74529356,-0.2708158493041992,100358.87234044063,94466.01395774011,5892.858382700528,0.0930507643783786,51.945013767260825,1224.639039643691,62432.501953125,60338.333515625,0.33714617247052603,True,0.032577955158616057,True
43,2024-10-02,60632.78515625,0,HOLD,0.39791852,0.38475817,0.21732333,0.39791852,-0.4032284915447235,100827.28164208296,68011.66846303674,32815.613179046224,0.5394021560064908,45.91552875721931,920.6173607767778,62557.790625,60338.797890625,0.28849402617158026,2024-10-02,60632.78515625,1,BUY,0.19844475,0.7614187,0.04013646,0.7614187,-0.23712319135665894,100125.94276774627,93463.74324792788,6662.199519818382,0.10950899393920421,45.91552875721931,920.6173607767778,62557.790625,60338.797890625,0.28849402617158026,True,0.026452273235788804,True
44,2024-10-03,60759.40234375,1,BUY,0.39352584,0.39486885,0.21160537,0.39486885,-0.41674986481666565,100717.12350099634,68011.66846303674,32705.4550379596,0.5394021560064908,40.33575191952201,682.0328881798996,62567.195703125,60379.240546875,0.3006479427915657,2024-10-03,60759.40234375,1,BUY,0.19122426,0.7702725,0.038503215,0.7702725,-0.2414824366569519,100102.57751433524,92461.70642664118,7640.871087694059,0.12601880431524992,40.33575191952201,682.0328881798996,62567.195703125,60379.240546875,0.3006479427915657,False,0.022590189391340942,True
45,2024-10-04,62067.4765625,1,BUY,0.39200133,0.39576784,0.21223086,0.39576784,-0.30960559844970703,100784.41323071046,67002.80639797667,33781.60683273379,0.5559897814927853,45.439514625373775,591.6830779466763,62670.3134765625,60469.388125,0.43118332634534573,2024-10-04,62067.4765625,1,BUY,0.19608113,0.76331353,0.040605303,0.76331353,-0.23265045881271362,100117.53247557313,91459.51990469547,8658.012570877665,0.14249667108136507,45.439514625373775,591.6830779466763,62670.3134765625,60469.388125,0.43118332634534573,False,-0.023931615755383162,False
46,2024-10-05,62089.94921875,1,BUY,0.38178557,0.40843514,0.20977929,0.40843514,-0.3460863530635834,101511.68912976963,67002.80639797667,34508.882731792946,0.5559897814927853,44.63463022295262,515.9460530152792,62815.669140625,60533.305,0.41095562763743687,2024-10-05,62089.94921875,1,BUY,0.1854982,0.7685424,0.045959383,0.7685424,-0.28079190850257874,100302.92565798538,90455.47757843576,9847.448079549622,0.1586571361513876,44.63463022295262,515.9460530152792,62815.669140625,60533.305,0.41095562763743687,False,-0.029239019222804696,False
47,2024-10-06,62818.953125,1,BUY,0.3868606,0.40230206,0.21083733,0.40230206,-0.2820761203765869,101524.18369700763,67002.80639797667,34521.37729903095,0.5559897814927853,46.716544985086585,508.8823587326624,63046.99140625,60600.104609375,0.4669210727145139,2024-10-06,62818.953125,1,BUY,0.19210765,0.76091343,0.046978876,0.76091343,-0.3343736231327057,100305.48804035666,89451.40960247203,10854.078437884637,0.1748121648424043,46.716544985086585,508.8823587326624,63046.99140625,60600.104609375,0.4669210727145139,False,-0.005951440809688013,False
48,2024-10-07,62236.66015625,1,BUY,0.38174897,0.39739606,0.22085495,0.39739606,-0.3906666338443756,101929.50241955095,67002.80639797667,34926.69602157427,0.5559897814927853,45.7626333318999,451.098175007166,63143.3974609375,60675.158515625,0.3594253741374388,2024-10-07,62236.66015625,1,BUY,0.19087075,0.77027446,0.03885479,0.77027446,-0.35919666290283203,100431.92246211888,88446.07600529025,11985.846456828636,0.19079984400533795,45.7626333318999,451.098175007166,63143.3974609375,60675.158515625,0.3594253741374388,False,0.015366558533973063,True
49,2024-10-08,62131.96875,1,BUY,0.3923931,0.39324173,0.2143652,0.39324173,-0.3939245045185089,101605.75347909084,67002.80639797667,34602.94708111417,0.5559897814927853,40.98188845281725,392.33349523638753,63167.5119140625,60727.928828125,0.3374367829009876,2024-10-08,62131.96875,1,BUY,0.1809756,0.78013587,0.038888574,0.78013587,-0.29787737131118774,100319.81784630544,87441.86458653455,12877.953259770893,0.20691909282149434,40.98188845281725,392.33349523638753,63167.5119140625,60727.928828125,0.3374367829009876,False,0.011578681063442176,True
50,2024-10-09,60582.1015625,1,BUY,0.3811549,0.40614545,0.21269959,0.40614545,-0.5896042585372925,101547.54612700574,67002.80639797667,34544.73972902907,0.5559897814927853,39.69182401605468,218.1856258121552,63049.594140625,60759.315,0.1359087158134793,2024-10-09,60582.1015625,1,BUY,0.17041951,0.78662103,0.04295941,0.78662103,-0.18354350328445435,100297.15221394601,86437.8800530276,13859.272160918415,0.22306185430376235,39.69182401605468,218.1856258121552,63049.594140625,60759.315,0.1359087158134793,False,0.09019204181721885,True
51,2024-10-10,60274.5,1,BUY,0.37834582,0.4126007,0.20905353,0.4126007,-0.5447390675544739,100684.82894972668,65994.94118153774,34689.88776818895,0.5726095145841195,27.05542673283206,54.7205251143896,62903.6703125,60741.301171875,0.135535177599016,2024-10-10,60274.5,1,BUY,0.16476469,0.7916175,0.04361778,0.7916175,-0.05739840865135193,99950.43645081806,85437.36617901617,14513.070271801886,0.23956036349827453,27.05542673283206,54.7205251143896,62903.6703125,60741.301171875,0.135535177599016,False,0.11226321869115474,True
52,2024-10-11,62445.08984375,1,BUY,0.38827395,0.40173668,0.20998937,0.40173668,-0.2898041307926178,100507.68828140457,64988.849160920676,35518.83912048389,0.5892846746216707,36.348003671277226,99.17844771455566,62856.1828125,60782.5646875,0.442977749244321,2024-10-11,62445.08984375,1,BUY,0.19620559,0.7654389,0.038355544,0.7654389,-0.11749930679798126,99875.74854121983,84437.59993845616,15438.148602763678,0.2561306788569574,36.348003671277226,99.17844771455566,62856.1828125,60782.5646875,0.442977749244321,False,0.08275476773562884,True
53,2024-10-12,63193.0234375,1,BUY,0.3780789,0.4065147,0.21540636,0.4065147,-0.17937496304512024,101786.78361121588,64988.849160920676,36797.93445029521,0.5892846746216707,39.55896090906835,192.54413303988258,62833.3984375,60764.538046875,0.5500967153800994,2024-10-12,63193.0234375,1,BUY,0.19959229,0.75695086,0.04345688,0.75695086,-0.2357654571533203,100430.69887438763,83432.27858951005,16998.42028487758,0.27221388146627695,39.55896090906835,192.54413303988258,62833.3984375,60764.538046875,0.5500967153800994,False,0.06657083758875193,True
54,2024-10-13,62851.375,1,BUY,0.38137847,0.40302363,0.21559791,0.40302363,-0.23921766877174377,102227.52941564747,64988.849160920676,37238.680254726794,0.5892846746216707,39.28706714511792,236.24564495528466,62809.4771484375,60737.985703125,0.5058488019668058,2024-10-13,62851.375,1,BUY,0.18463218,0.7728317,0.042536117,0.7728317,-0.2994115948677063,100633.29043805353,82424.92927873203,18208.3611593215,0.2881387876199684,39.28706714511792,236.24564495528466,62809.4771484375,60737.985703125,0.5058488019668058,False,0.0885806247277805,True
55,2024-10-14,66046.125,1,BUY,0.37533325,0.39587766,0.22878905,0.39587766,0.07111097127199173,102026.20122732029,64988.849160920676,37037.35206639961,0.5892846746216707,59.78452149748246,522.6443150319537,62896.6849609375,60772.23734375,0.9130665238848032,2024-10-14,66046.125,1,BUY,0.29564953,0.6514916,0.052858874,0.6514916,0.1856309175491333,100533.84292299731,81418.57544753452,19115.267475462795,0.3041344358092849,59.78452149748246,522.6443150319537,62896.6849609375,60772.23734375,0.9130665238848032,False,0.03507562896384919,True
56,2024-10-15,67041.109375,0,HOLD,0.38655567,0.38316154,0.23028286,0.38655567,0.06236741691827774,103908.81844156786,64988.849160920676,38919.96928064719,0.5892846746216707,75.04734275015645,820.4466498210022,63091.583203125,60855.446328125,0.9657575444939397,2024-10-15,67041.109375,1,BUY,0.30820742,0.6335578,0.05823478,0.6335578,0.07920177280902863,101504.4613570349,80402.5056286524,21101.955728382498,0.31950331269824683,75.04734275015645,820.4466498210022,63091.583203125,60855.446328125,0.9657575444939397,True,0.0292446495631995,True
57,2024-10-16,67612.71875,0,HOLD,0.38612163,0.3835273,0.23035102,0.38612163,-0.00255381315946579,104495.14748524339,64988.849160920676,39506.29832432271,0.5892846746216707,77.36770216510898,1090.0162166805676,63213.1681640625,61017.618046875,0.9766528334904694,2024-10-16,67612.71875,1,BUY,0.2966271,0.64242685,0.060946077,0.64242685,0.04454353451728821,101821.34393730879,79383.2637834215,22438.0801538873,0.3346913612120891,77.36770216510898,1090.0162166805676,63213.1681640625,61017.618046875,0.9766528334904694,True,-0.00362161427652985,True
58,2024-10-17,67399.8359375,0,HOLD,0.38924238,0.37938872,0.23136885,0.38924238,-0.0064931586384773254,104831.98812980096,64988.849160920676,39843.13896888028,0.5892846746216707,75.86160417765183,1271.813502349105,63293.6267578125,61185.062265625,0.9229573032162327,2024-10-17,67399.8359375,1,BUY,0.2818424,0.65118295,0.066974595,0.65118295,-0.031505510210990906,102011.63653054257,78362.11709028383,23649.51944025873,0.34977915216963124,75.86160417765183,1271.813502349105,63293.6267578125,61185.062265625,0.9229573032162327,True,-0.0005701747929421908,True
59,2024-10-18,68418.7890625,0,HOLD,0.38888475,0.38124943,0.2298658,0.38888475,0.045765459537506104,104706.53955090436,64988.849160920676,39717.690389983676,0.5892846746216707,75.30548313274915,1481.03768197717,63420.1837890625,61365.674453125,0.975658172349285,2024-10-18,68418.7890625,1,BUY,0.28053764,0.65706724,0.06239509,0.65706724,0.04180847108364105,101936.15518912922,77341.72597292947,24594.42921619974,0.3649033988599943,75.30548313274915,1481.03768197717,63420.1837890625,61365.674453125,0.975658172349285,True,-0.029035792319932252,True
60,2024-10-19,68362.734375,1,BUY,0.36709067,0.40034118,0.23256811,0.40034118,0.02362104505300522,105306.9930116247,64988.849160920676,40318.14385070403,0.5892846746216707,74.92590524128644,1623.6102387287683,63556.5552734375,61550.539609375,0.9272173338921552,2024-10-19,68362.734375,1,BUY,0.26946756,0.6500905,0.08044191,0.6500905,-0.0769997388124466,102306.95156797426,76317.6231467058,25989.32842126846,0.3798565975426344,74.92590524128644,1623.6102387287683,63556.5552734375,61550.539609375,0.9272173338921552,False,-0.0029501407359410203,False
61,2024-10-20,69001.703125,1,BUY,0.37510982,0.39428565,0.2306045,0.39428565,0.0044447630643844604,105273.96084334026,64988.849160920676,40285.11168241958,0.5892846746216707,74.74519755709838,1767.7815696454927,63840.1654296875,61751.175703125,0.9212529376977145,2024-10-20,69001.703125,1,BUY,0.26433006,0.6632587,0.0724113,0.6632587,-0.10100656747817993,102284.63596851594,75293.74370186651,26990.892266649433,0.39481879292001965,74.74519755709838,1767.7815696454927,63840.1654296875,61751.175703125,0.9212529376977145,False,-0.03419175115469297,False
62,2024-10-21,67367.8515625,0,HOLD,0.39075008,0.3798989,0.229351,0.39075008,-0.03956648334860802,105650.49533527742,64988.849160920676,40661.64617435674,0.5892846746216707,68.94213268123355,1730.2549199974019,64166.7076171875,61952.02296875,0.760315379226624,2024-10-21,67367.8515625,1,BUY,0.26104972,0.6836248,0.05532552,0.6836248,-0.06145508587360382,102535.88746997617,74267.34920434708,28268.538265629093,0.40967884828029877,68.94213268123355,1730.2549199974019,64166.7076171875,61952.02296875,0.760315379226624,True,-0.005242207400251719,True
63,2024-10-22,67361.40625,1,BUY,0.38233224,0.39085063,0.22681718,0.39085063,-0.02471410110592842,104687.6916488895,64988.849160920676,39698.84248796882,0.5892846746216707,69.44586794770339,1680.621537993953,64503.138671875,62117.001484375,0.7354321331417442,2024-10-22,67361.40625,1,BUY,0.25458986,0.6904462,0.054963905,0.6904462,-0.12004943192005157,101865.51437825977,73247.66520858074,28617.84916967903,0.42479978960185544,69.44586794770339,1680.621537993953,64503.138671875,62117.001484375,0.7354321331417442,False,0.008430504299336894,True
64,2024-10-23,66432.1953125,1,BUY,0.3859074,0.38625318,0.22783937,0.38625318,-0.14305315911769867,104683.89352501009,64988.849160920676,39695.04436408942,0.5892846746216707,72.80652168351341,1548.457513911526,64786.7783203125,62297.024921875,0.6403888971196386,2024-10-23,66432.1953125,1,BUY,0.24901272,0.69435096,0.056636296,0.69435096,-0.2320374846458435,101861.75778310174,72228.01881670798,29633.73896639377,0.43992162005070623,72.80652168351341,1548.457513911526,64786.7783203125,62297.024921875,0.6403888971196386,False,0.05231744162075036,True
65,2024-10-24,68161.0546875,0,HOLD,0.38992748,0.38406238,0.2260102,0.38992748,-0.04767949506640434,104136.32376005052,64988.849160920676,39147.47459912984,0.5892846746216707,77.67844951395138,1565.1786700986704,65091.4572265625,62500.815234375,0.7602047271132008,2024-10-24,68161.0546875,1,BUY,0.27580217,0.6650025,0.05919529,0.6650025,-0.06416735053062439,101451.9632723299,71212.47450890888,30239.488763421014,0.4551932782165803,77.67844951395138,1565.1786700986704,65091.4572265625,62500.815234375,0.7602047271132008,True,0.06689212074114437,True
66,2024-10-25,66642.4140625,0,HOLD,0.3945647,0.3803872,0.22504808,0.3945647,-0.1576630026102066,105155.11409431402,64988.849160920676,40166.26493339334,0.5892846746216707,65.43724949838618,1439.2973759991582,65319.08046875,62710.45375,0.6148632527947897,2024-10-25,66642.4140625,1,BUY,0.25370294,0.701087,0.04521004,0.701087,-0.18384379148483276,102238.92843881162,71212.47450890888,31026.45392990273,0.4551932782165803,65.43724949838618,1439.2973759991582,65319.08046875,62710.45375,0.6148632527947897,True,0.08548797459013113,True
67,2024-10-26,67014.6953125,1,BUY,0.38118735,0.39296368,0.22584896,0.39296368,-0.1042998880147934,104260.20244774364,64988.849160920676,39271.35328682296,0.5892846746216707,64.45506929464258,1353.9678307531067,65528.867578125,62971.772578125,0.6307446210622647,2024-10-26,67014.6953125,1,BUY,0.23428689,0.7121058,0.053607237,0.7121058,-0.21129310131072998,101547.65343428499,71212.47450890888,30335.178925376105,0.4551932782165803,64.45506929464258,1353.9678307531067,65528.867578125,62971.772578125,0.6307446210622647,False,0.04775806519115844,True
68,2024-10-27,67929.296875,1,BUY,0.377375,0.39341977,0.22920528,0.39341977,-0.01805754005908966,104479.58208301764,64988.849160920676,39490.73292209696,0.5892846746216707,68.40881437961514,1344.644034412151,65813.4994140625,63247.564765625,0.6903815234127365,2024-10-27,67929.296875,1,BUY,0.2457218,0.6901799,0.06409833,0.6901799,-0.18047761917114258,101717.11335689106,71212.47450890888,30504.638847982173,0.4551932782165803,68.40881437961514,1344.644034412151,65813.4994140625,63247.564765625,0.6903815234127365,False,0.022864536311307138,True
69,2024-10-28,69907.7578125,0,HOLD,0.38706118,0.3867874,0.22615139,0.38706118,0.07476089149713516,105018.54276718391,64988.849160920676,40029.693606263245,0.5892846746216707,65.35342233940051,1479.8414307614003,66202.2888671875,63548.88859375,0.8332103410978677,2024-10-28,69907.7578125,1,BUY,0.2698429,0.6781842,0.051972974,0.6781842,0.05891747772693634,102133.43384038744,71212.47450890888,30920.959331478552,0.4551932782165803,65.35342233940051,1479.8414307614003,66202.2888671875,63548.88859375,0.8332103410978677,True,-0.008847149363005458,True
70,2024-10-29,72720.4921875,1,BUY,0.38029036,0.39370868,0.22600098,0.39370868,0.16503643989562988,106184.4194769903,64988.849160920676,41195.57031606962,0.5892846746216707,69.72890969536604,1793.2786979209486,66809.2083984375,63862.907734375,1.0252840008697672,2024-10-29,72720.4921875,1,BUY,0.33951557,0.5985977,0.061886773,0.5985977,0.31140798330307007,103034.0159603515,71212.47450890888,31821.541451442627,0.4551932782165803,69.72890969536604,1793.2786979209486,66809.2083984375,63862.907734375,1.0252840008697672,False,-0.05472150806872589,False
71,2024-10-30,72339.5390625,1,BUY,0.37150472,0.40120158,0.22729377,0.40120158,0.13183695077896118,107841.92073795936,64988.849160920676,42853.07157703868,0.5892846746216707,66.64033694706902,1988.0235588246287,67412.4603515625,64156.724296875,0.9691228400117339,2024-10-30,72339.5390625,1,BUY,0.28793028,0.6520931,0.059976622,0.6520931,0.06660148501396179,104314.35374126022,71212.47450890888,33101.87923235134,0.4551932782165803,66.64033694706902,1988.0235588246287,67412.4603515625,64156.724296875,0.9691228400117339,False,-0.06259414019887333,False
72,2024-10-31,70215.1875,1,BUY,0.37854046,0.38863257,0.23282698,0.38863257,-0.008918844163417816,107617.43089964762,64988.849160920676,42628.58173872695,0.5892846746216707,58.735532490173995,1948.4819598594186,67800.965234375,64414.164609375,0.7495370596939279,2024-10-31,70215.1875,1,BUY,0.24705444,0.7030722,0.049873374,0.7030722,-0.08314567804336548,104140.94643944463,71212.47450890888,32928.47193053574,0.4551932782165803,58.735532490173995,1948.4819598594186,67800.965234375,64414.164609375,0.7495370596939279,False,-0.012185753972386637,False
73,2024-11-01,69482.46875,1,BUY,0.37849122,0.39933324,0.22217558,0.39933324,-0.08866129070520401,106365.58308035777,64988.849160920676,41376.733919437094,0.5892846746216707,53.36009212236321,1836.846653435292,68115.4375,64641.27375,0.6563605881273279,2024-11-01,69482.46875,1,BUY,0.24444938,0.7105401,0.045010492,0.7105401,-0.11902907490730286,103173.95588762574,71212.47450890888,31961.48137871685,0.4551932782165803,53.36009212236321,1836.846653435292,68115.4375,64641.27375,0.6563605881273279,False,0.08860665842417981,True
74,2024-11-02,69289.2734375,1,BUY,0.37281266,0.40616372,0.2210237,0.40616372,-0.1167721375823021,105933.80315017482,64988.849160920676,40944.95398925415,0.5892846746216707,52.90173252004472,1713.0387769954687,68437.332421875,64815.633203125,0.6175600645671085,2024-11-02,69289.2734375,1,BUY,0.21859767,0.72962826,0.051774066,0.72962826,-0.2679254412651062,102840.42723780248,71212.47450890888,31627.952728893597,0.4551932782165803,52.90173252004472,1713.0387769954687,68437.332421875,64815.633203125,0.6175600645671085,False,0.09547777901679622,True
75,2024-11-03,68741.1171875,0,HOLD,0.39088854,0.38706338,0.22204812,0.39088854,-0.23367047309875488,105819.95611330983,64988.849160920676,40831.10695238916,0.5892846746216707,49.17922901909563,1552.7889304743003,68572.08203125,64990.353125,0.5245329665969641,2024-11-03,68741.1171875,1,BUY,0.2205455,0.73854834,0.0409061,0.73854834,-0.2574555277824402,102752.48603016953,71212.47450890888,31540.011521260643,0.4551932782165803,49.17922901909563,1552.7889304743003,68572.08203125,64990.353125,0.5245329665969641,True,0.11353262347646509,True
76,2024-11-04,67811.5078125,1,BUY,0.38374913,0.39235178,0.22389908,0.39235178,-0.40814048051834106,105496.93603588676,64988.849160920676,40508.08687496607,0.5892846746216707,51.46226055573524,1335.384582852581,68610.601953125,65162.9265625,0.38213149174601213,2024-11-04,67811.5078125,1,BUY,0.20743428,0.7538245,0.038741235,0.7538245,-0.3713729679584503,102502.96898975712,71212.47450890888,31290.494480848236,0.4551932782165803,51.46226055573524,1335.384582852581,68610.601953125,65162.9265625,0.38213149174601213,False,0.13223949244418676,True
77,2024-11-05,69359.5625,0,HOLD,0.3933609,0.37963444,0.22700466,0.3933609,-0.14441996812820435,104949.13147781462,64988.849160920676,39960.28231689394,0.5892846746216707,55.97826950784297,1273.3270253671799,68697.944140625,65386.26765625,0.5981198872226967,2024-11-05,69359.5625,1,BUY,0.23102783,0.72692055,0.04205165,0.72692055,-0.1253013163805008,102079.81705089001,71212.47450890888,30867.34254198112,0.4551932782165803,55.97826950784297,1273.3270253671799,68697.944140625,65386.26765625,0.5981198872226967,True,0.1602464692593757,True
78,2024-11-06,75639.078125,1,BUY,0.37152585,0.3831743,0.24529988,0.3831743,0.18225020170211792,105861.37638063461,64988.849160920676,40872.52721971393,0.5892846746216707,70.8658040696853,1711.1256039712898,69109.90625,65692.8784375,1.2220740452009478,2024-11-06,75639.078125,1,BUY,0.3865996,0.5407974,0.07260299,0.5407974,0.5278763771057129,102784.48113895167,71212.47450890888,31572.00663004279,0.4551932782165803,70.8658040696853,1711.1256039712898,69109.90625,65692.8784375,1.2220740452009478,False,0.17269388487804238,True
79,2024-11-07,75904.859375,1,BUY,0.37496698,0.39649105,0.22854196,0.39649105,0.11680997163057327,109561.79870249443,64988.849160920676,44572.949541573755,0.5892846746216707,68.79650499738497,2055.832104541798,69484.209765625,65977.98203125,1.0913656095757946,2024-11-07,75904.859375,1,BUY,0.32937196,0.6094642,0.061163783,0.6094642,0.09868645668029785,105642.87444190765,71212.47450890888,34430.39993299878,0.4551932782165803,68.79650499738497,2055.832104541798,69484.209765625,65977.98203125,1.0913656095757946,False,0.15876392136455353,True
80,2024-11-08,76545.4765625,1,BUY,0.37430382,0.39208564,0.23361056,0.39208564,0.07134667783975601,109718.41951992121,64988.849160920676,44729.57035900054,0.5892846746216707,75.10787183099262,2353.57637943844,69893.346875,66250.082421875,1.032610639016218,2024-11-08,76545.4765625,1,BUY,0.30297974,0.63273686,0.0642834,0.63273686,0.01973545551300049,105763.85628038365,71212.47450890888,34551.38177147478,0.4551932782165803,75.10787183099262,2353.57637943844,69893.346875,66250.082421875,1.032610639016218,False,0.18340322812592724,True
81,2024-11-09,76778.8671875,1,BUY,0.36577263,0.40443647,0.22979093,0.40443647,0.05043112486600876,110095.9254108142,64988.849160920676,45107.07624989353,0.5892846746216707,74.93131895533,2578.6484808026,70282.205078125,66521.800234375,0.9680036956212461,2024-11-09,76778.8671875,1,BUY,0.2749176,0.64422095,0.08086144,0.64422095,-0.15001408755779266,106055.46091804368,71212.47450890888,34842.98640913479,0.4551932782165803,74.93131895533,2578.6484808026,70282.205078125,66521.800234375,0.9680036956212461,False,0.13638599895499404,True
82,2024-11-10,80474.1875,1,BUY,0.3807231,0.39324176,0.2260351,0.39324176,0.09483743458986282,110233.45892932708,64988.849160920676,45244.6097684064,0.5892846746216707,78.04849418993406,3020.384101036034,70937.521875,66863.3871875,1.084961419466003,2024-11-10,80474.1875,1,BUY,0.33677325,0.5978364,0.06539034,0.5978364,0.168870210647583,106161.69876174245,71212.47450890888,34949.224252833556,0.4551932782165803,78.04849418993406,3020.384101036034,70937.521875,66863.3871875,1.084961419466003,False,0.13161761108181436,True
83,2024-11-11,88701.484375,1,BUY,0.37611794,0.39169514,0.23218694,0.39169514,0.13884034752845764,112411.05455730148,64988.849160920676,47422.205396380814,0.5892846746216707,82.84273503760072,3988.361513172931,72004.52578125,67364.44265625,1.245534169833646,2024-11-11,88701.484375,1,BUY,0.39938897,0.52244365,0.07816738,0.52244365,0.323761522769928,107843.78372884964,71212.47450890888,36631.30921994075,0.4551932782165803,82.84273503760072,3988.361513172931,72004.52578125,67364.44265625,1.245534169833646,False,0.020935300018760206,True
84,2024-11-12,87955.8125,0,HOLD,0.38951933,0.37734345,0.23313728,0.38951933,0.08180011063814163,117259.27451930175,64988.849160920676,52270.42535838108,0.5892846746216707,78.69755332483939,4641.813164981926,73080.706640625,67856.962890625,1.0745924891020577,2024-11-12,87955.8125,1,BUY,0.36231625,0.56500906,0.0726747,0.56500906,0.1969153881072998,111588.79396424191,71212.47450890888,40376.319455333025,0.4551932782165803,78.69755332483939,4641.813164981926,73080.706640625,67856.962890625,1.0745924891020577,True,0.02148850665781743,True
85,2024-11-13,90584.1640625,1,BUY,0.3786304,0.38671166,0.23465793,0.38671166,0.08587545901536942,116819.86151106785,64988.849160920676,51831.012350147175,0.5892846746216707,81.68346276367701,5310.547624633036,74201.862109375,68382.606796875,1.0501760238571614,2024-11-13,90584.1640625,1,BUY,0.3351016,0.59062076,0.07427762,0.59062076,0.13352707028388977,111249.36913898675,71212.47450890888,40036.89463007787,0.4551932782165803,81.68346276367701,5310.547624633036,74201.862109375,68382.606796875,1.0501760238571614,False,-0.0004583962100853656,False
86,2024-11-14,87250.4296875,1,BUY,0.3686927,0.3984619,0.23284537,0.3984619,0.06476963311433792,118368.70880636702,64988.849160920676,53379.85964544635,0.5892846746216707,78.39073210351283,5508.0268935946515,75232.262890625,68864.7525,0.8870759722104234,2024-11-14,87250.4296875,1,BUY,0.27760437,0.63754696,0.08484873,0.63754696,-0.11580044031143188,112445.7771030268,71212.47450890888,41233.302594117915,0.4551932782165803,78.39073210351283,5508.0268935946515,75232.262890625,68864.7525,0.8870759722104234,False,0.05837632425699901,True
87,2024-11-15,91066.0078125,1,BUY,0.37227902,0.400756,0.22696494,0.400756,0.03195863217115402,116404.19022992006,64988.849160920676,51415.34106899939,0.5892846746216707,82.61903137040895,5904.354183879739,76434.828515625,69382.452265625,0.9423718856115868,2024-11-15,91066.0078125,1,BUY,0.30410355,0.6121606,0.083735816,0.6121606,-0.08279350399971008,110928.28362416725,71212.47450890888,39715.809115258366,0.4551932782165803,82.61903137040895,5904.354183879739,76434.828515625,69382.452265625,0.9423718856115868,False,0.03594628175355985,True
88,2024-11-16,90558.4765625,1,BUY,0.36479574,0.40353748,0.23166679,0.40353748,0.024242475628852844,118652.65194380426,64988.849160920676,53663.802782883584,0.5892846746216707,81.84145017265408,6107.094107221274,77566.2875,69877.808515625,0.8783112663979155,2024-11-16,90558.4765625,1,BUY,0.3066887,0.5880751,0.10523617,0.5880751,-0.20512214303016663,112665.10913917747,71212.47450890888,41452.634630268585,0.4551932782165803,81.84145017265408,6107.094107221274,77566.2875,69877.808515625,0.8783112663979155,False,0.0877471695818095,True
89,2024-11-17,89845.8515625,1,BUY,0.36835548,0.39707947,0.234565,0.39707947,0.010363824665546417,118353.57155628767,64988.849160920676,53364.722395367,0.5892846746216707,81.44040349398078,6139.4918351131055,78563.1921875,70356.972578125,0.8203720750943667,2024-11-17,89845.8515625,1,BUY,0.27607563,0.6388799,0.085044496,0.6388799,-0.24707305431365967,112434.08432569262,71212.47450890888,41221.609816783726,0.4551932782165803,81.44040349398078,6139.4918351131055,78563.1921875,70356.972578125,0.8203720750943667,False,0.10186126950595686,True
90,2024-11-18,90542.640625,0,HOLD,0.3802168,0.3762728,0.24351043,0.3802168,0.01701650768518448,117933.63256503541,64988.849160920676,52944.783404114736,0.5892846746216707,84.09984546230399,6150.493264115401,79454.299609375,70855.119296875,0.8053133894438215,2024-11-18,90542.640625,1,BUY,0.27678895,0.6418393,0.08137177,0.6418393,-0.09911802411079407,112109.70221580353,71212.47450890888,40897.227706894635,0.4551932782165803,84.09984546230399,6150.493264115401,79454.299609375,70855.119296875,0.8053133894438215,True,0.0799031326572821,True
91,2024-11-19,92343.7890625,1,BUY,0.37648153,0.38841206,0.23510642,0.38841206,0.053784631192684174,118344.23968101066,64988.849160920676,53355.39052008998,0.5892846746216707,84.21967357803078,6232.702882830985,80454.512109375,71435.405078125,0.8178201532652535,2024-11-19,92343.7890625,1,BUY,0.28580937,0.6299826,0.08420806,0.6299826,-0.1662432849407196,112426.87591338836,71212.47450890888,41214.40140447947,0.4551932782165803,84.21967357803078,6232.702882830985,80454.512109375,71435.405078125,0.8178201532652535,False,0.061401327664412975,True
92,2024-11-20,94339.4921875,1,BUY,0.37789366,0.38334954,0.2387568,0.38334954,0.06088470667600632,119405.62885194819,64988.849160920676,54416.77969102751,0.5892846746216707,81.91247142593167,6385.28556407163,81660.72734375,72105.454765625,0.8330781305695438,2024-11-20,94339.4921875,1,BUY,0.28869346,0.6257045,0.08560196,0.6257045,-0.1715373396873474,113246.74657520864,71212.47450890888,42034.27206629977,0.4551932782165803,81.91247142593167,6385.28556407163,81660.72734375,72105.454765625,0.8330781305695438,False,-0.01311428844710194,False
93,2024-11-21,98504.7265625,1,BUY,0.3622824,0.39476374,0.2429539,0.39476374,0.10948660224676132,120581.66611860527,64988.849160920676,55592.81695768458,0.5892846746216707,84.03697777911651,6764.333021578423,83111.840234375,72862.89359375,0.8938432674077327,2024-11-21,98504.7265625,1,BUY,0.32351202,0.59562564,0.08086237,0.59562564,-0.10583104193210602,114155.17722302448,71212.47450890888,42942.70271411559,0.4551932782165803,84.03697777911651,6764.333021578423,83111.840234375,72862.89359375,0.8938432674077327,False,-0.06618368963100996,False
94,2024-11-22,98997.6640625,1,BUY,0.35428354,0.40517324,0.24054322,0.40517324,0.04862901568412781,123036.17490200013,64988.849160920676,58047.325741079454,0.5892846746216707,83.96565189355188,7023.543758695392,84597.259765625,73627.658828125,0.8667184071963417,2024-11-22,98997.6640625,1,BUY,0.2956023,0.6133243,0.09107345,0.6133243,-0.25030696392059326,116051.16391272111,71212.47450890888,44838.68940381223,0.4551932782165803,83.96565189355188,7023.543758695392,84597.259765625,73627.658828125,0.8667184071963417,False,-0.030658630597423353,False
95,2024-11-23,97777.28125,1,BUY,0.35954133,0.39946407,0.24099462,0.39946407,0.040437012910842896,123326.65541629645,64988.849160920676,58337.80625537577,0.5892846746216707,80.84527013798564,7049.23623425774,86049.06796875,74341.854921875,0.8089513938930006,2024-11-23,97777.28125,1,BUY,0.26550117,0.6380218,0.09647697,0.6380218,-0.1914522647857666,116275.545749302,71212.47450890888,45063.07124039312,0.4551932782165803,80.84527013798564,7049.23623425774,86049.06796875,74341.854921875,0.8089513938930006,False,-0.021731147285300456,False
96,2024-11-24,98013.8203125,1,BUY,0.3570944,0.41214606,0.23075953,0.41214606,0.04845072329044342,122607.5025277185,64988.849160920676,57618.65336679783,0.5892846746216707,78.67872164252069,7007.901703182564,87559.18359375,75060.33234375,0.7965192581574456,2024-11-24,98013.8203125,1,BUY,0.28625748,0.6119142,0.1018283,0.6119142,-0.19818025827407837,115720.03569620095,71212.47450890888,44507.56118729207,0.4551932782165803,78.67872164252069,7007.901703182564,87559.18359375,75060.33234375,0.7965192581574456,False,-0.005634887745820882,False
97,2024-11-25,93102.296875,1,BUY,0.37808326,0.38922617,0.23269056,0.38922617,-0.023999318480491638,122746.89137219914,64988.849160920676,57758.04221127846,0.5892846746216707,58.07081289257714,6503.852531933546,88746.3203125,75665.99921875,0.6401273860078129,2024-11-25,93102.296875,1,BUY,0.22511344,0.7147051,0.06018142,0.7147051,-0.25213688611984253,115827.70668748661,71212.47450890888,44615.232178577724,0.4551932782165803,58.07081289257714,6503.852531933546,88746.3203125,75665.99921875,0.6401273860078129,False,0.035947102540266895,True
98,2024-11-26,91985.3203125,1,BUY,0.35485983,0.4079429,0.23719732,0.4079429,-0.11257621645927429,119852.60588143524,64988.849160920676,54863.75672051456,0.5892846746216707,57.29057325571829,5945.72069155972,89563.632421875,76260.972421875,0.5846082460873567,2024-11-26,91985.3203125,1,BUY,0.24394709,0.70703727,0.0490157,0.70703727,-0.2907455861568451,113592.0142329334,71212.47450890888,42379.53972402453,0.4551932782165803,57.29057325571829,5945.72069155972,89563.632421875,76260.972421875,0.5846082460873567,False,0.05755775739012714,True
99,2024-11-27,95962.53125,1,BUY,0.35821918,0.41042545,0.23135535,0.41042545,0.008126817643642426,119194.38871124238,64988.849160920676,54205.539550321715,0.5892846746216707,59.27819337288652,5757.950798058184,90566.516015625,76937.583671875,0.7069770363697057,2024-11-27,95962.53125,1,BUY,0.23836988,0.7070398,0.05459033,0.7070398,-0.26100844144821167,113083.57400975795,71212.47450890888,41871.099500849064,0.4551932782165803,59.27819337288652,5757.950798058184,90566.516015625,76937.583671875,0.7069770363697057,False,-0.0010131721332642396,False
100,2024-11-28,95652.46875,1,BUY,0.3581265,0.40186805,0.24000543,0.40186805,-0.07022444903850555,121538.09816444883,64988.849160920676,56549.24900352815,0.5892846746216707,66.18251286296865,5520.485630237221,91521.865625,77638.991015625,0.6810452952889637,2024-11-28,95652.46875,1,BUY,0.24385822,0.690709,0.06543279,0.690709,-0.19521242380142212,114893.97369455741,71212.47450890888,43681.49918564853,0.4551932782165803,66.18251286296865,5520.485630237221,91521.865625,77638.991015625,0.6810452952889637,False,0.003655894270894189,True
101,2024-11-29,97461.5234375,1,BUY,0.36288878,0.39818266,0.23892862,0.39818266,0.06453794986009598,121355.38308502395,64988.849160920676,56366.53392410327,0.5892846746216707,63.34973431839263,5415.837959520097,92555.9984375,78382.731484375,0.7625119018887038,2024-11-29,97461.5234375,1,BUY,0.2605999,0.6724676,0.06693254,0.6724676,-0.1595519632101059,114752.83532873038,71212.47450890888,43540.3608198215,0.4551932782165803,63.34973431839263,5415.837959520097,92555.9984375,78382.731484375,0.7625119018887038,False,0.013410500538072911,True
102,2024-11-30,96449.0546875,1,BUY,0.34634843,0.40214688,0.25150472,0.40214688,0.0010958239436149597,122421.43128792019,64988.849160920676,57432.582126999514,0.5892846746216707,62.04190873118796,5191.3633547187055,93354.741796875,79062.81078125,0.7047936556830023,2024-11-30,96449.0546875,1,BUY,0.23012161,0.69979036,0.070088066,0.69979036,-0.3273887634277344,115576.30486240657,71212.47450890888,44363.830353497695,0.4551932782165803,62.04190873118796,5191.3633547187055,93354.741796875,79062.81078125,0.7047936556830023,False,0.0014983622749671355,True
103,2024-12-01,97279.7890625,1,BUY,0.35431176,0.3971165,0.24857168,0.3971165,-0.003457769751548767,121824.79897001183,64988.849160920676,56835.94980909116,0.5892846746216707,65.12391340144052,5022.601510732202,93783.65703125,79744.54609375,0.7357436693532895,2024-12-01,97279.7890625,1,BUY,0.24570225,0.6868571,0.06744057,0.6868571,-0.2864682674407959,115115.43589300223,71212.47450890888,43902.96138409335,0.4551932782165803,65.12391340144052,5022.601510732202,93783.65703125,79744.54609375,0.7357436693532895,False,0.02714769327165456,True
104,2024-12-02,95865.3046875,1,BUY,0.3771991,0.38052586,0.242275,0.38052586,-0.1342751681804657,122314.33800588074,64988.849160920676,57325.48884496007,0.5892846746216707,60.52140244390215,4720.30670834129,94179.131640625,80404.8246875,0.6215784528072792,2024-12-02,95865.3046875,1,BUY,0.22544602,0.72702366,0.047530286,0.72702366,-0.39139237999916077,115493.5805964857,71212.47450890888,44281.10608757681,0.4551932782165803,60.52140244390215,4720.30670834129,94179.131640625,80404.8246875,0.6215784528072792,False,0.04233055184279966,True
105,2024-12-03,96002.1640625,0,HOLD,0.3835875,0.3710902,0.24532229,0.3835875,-0.16586333513259888,121480.80404120142,64988.849160920676,56491.954880280755,0.5892846746216707,57.74089799124663,4440.590939136542,94450.031640625,81003.94546875,0.6147278367340481,2024-12-03,96002.1640625,1,BUY,0.23625323,0.7193239,0.0444229,0.7193239,-0.2792976498603821,114849.71681684331,71212.47450890888,43637.24230793442,0.4551932782165803,57.74089799124663,4440.590939136542,94450.031640625,81003.94546875,0.6147278367340481,True,0.054518058145987425,True
106,2024-12-04,98768.53125,1,BUY,0.3784944,0.3841813,0.23732427,0.3841813,0.06199292093515396,121561.45317346723,64988.849160920676,56572.60401254656,0.5892846746216707,59.0755887909834,4391.514246720995,95025.93671875,81638.49390625,0.806094266142782,2024-12-04,98768.53125,1,BUY,0.26258022,0.68738407,0.050035752,0.68738407,-0.019944876432418823,114912.01428440423,71212.47450890888,43699.539775495345,0.4551932782165803,59.0755887909834,4391.514246720995,95025.93671875,81638.49390625,0.806094266142782,False,-0.013524677172922939,False
107,2024-12-05,96593.5703125,1,BUY,0.37016377,0.38203567,0.24780051,0.38203567,-0.1326902210712433,123191.63096143724,64988.849160920676,58202.78180051656,0.5892846746216707,45.73603685762015,4129.516942871545,95302.31484375,82218.1109375,0.6102888880680778,2024-12-05,96593.5703125,1,BUY,0.2553,0.7014286,0.043271456,0.7014286,-0.05411462485790253,116171.24603323314,71212.47450890888,44958.77152432426,0.4551932782165803,45.73603685762015,4129.516942871545,95302.31484375,82218.1109375,0.6102888880680778,False,0.0008474619452947252,True
108,2024-12-06,99920.7109375,1,BUY,0.36514837,0.39542323,0.23942843,0.39542323,0.06516627222299576,121909.9598130677,64988.849160920676,56921.11065214703,0.5892846746216707,51.82819458241653,4142.601305178978,95770.4265625,82868.5284375,0.8606949202633468,2024-12-06,99920.7109375,1,BUY,0.25167,0.6969294,0.051400602,0.6969294,0.048458561301231384,115181.21843409952,71212.47450890888,43968.743925190625,0.4551932782165803,51.82819458241653,4142.601305178978,95770.4265625,82868.5284375,0.8606949202633468,False,0.012533140534631615,True
109,2024-12-07,99923.3359375,1,BUY,0.34792912,0.41661075,0.23546018,0.41661075,0.036270543932914734,123870.59279369138,64988.849160920676,58881.7436327707,0.5892846746216707,54.465921650018196,4105.852856215541,96274.30078125,83498.619375,0.8431428289541374,2024-12-07,99923.3359375,1,BUY,0.23975772,0.7027856,0.057456702,0.7027856,-0.21924513578414917,116695.71048228082,71212.47450890888,45483.235973371935,0.4551932782165803,54.465921650018196,4105.852856215541,96274.30078125,83498.619375,0.8431428289541374,False,0.0011975587221673134,True
110,2024-12-08,101236.015625,1,BUY,0.34897822,0.41704673,0.23397502,0.41704673,0.04967550188302994,123872.13966596226,64988.849160920676,58883.29050504158,0.5892846746216707,56.41791072646203,4134.986179179061,96808.96953125,84156.085,0.9397737376708741,2024-12-08,101236.015625,1,BUY,0.25697803,0.68369955,0.059322406,0.68369955,-0.0932627022266388,116696.90536463613,71212.47450890888,45484.43085572725,0.4551932782165803,56.41791072646203,4134.986179179061,96808.96953125,84156.085,0.9397737376708741,False,0.0022051656826058696,True
111,2024-12-09,97432.71875,1,BUY,0.37727767,0.37958866,0.2431337,0.37958866,-0.21994173526763916,124645.68168849318,64988.849160920676,59656.83252757249,0.5892846746216707,59.02362153450437,3807.2921808834653,97063.416015625,84724.7053125,0.5403459443106627,2024-12-09,97432.71875,1,BUY,0.23724292,0.7214657,0.041291356,0.7214657,-0.31441730260849,117294.42833483758,71212.47450890888,46081.95382592869,0.4551932782165803,59.02362153450437,3807.2921808834653,97063.416015625,84724.7053125,0.5403459443106627,False,0.04044072720694758,True
112,2024-12-10,96675.4296875,0,HOLD,0.3902019,0.35934442,0.25045368,0.3902019,-0.3038056194782257,122404.45712701918,64988.849160920676,57415.6079660985,0.5892846746216707,59.92185924748208,3446.75340024296,97180.212890625,85310.856875,0.44263590230034594,2024-12-10,96675.4296875,1,BUY,0.2215117,0.73629683,0.04219142,0.73629683,-0.3601170778274536,115563.19316227545,71212.47450890888,44350.718653366566,0.4551932782165803,59.92185924748208,3446.75340024296,97180.212890625,85310.856875,0.44263590230034594,True,0.07885422024646749,True
113,2024-12-11,101173.03125,1,BUY,0.3790927,0.38375747,0.23714979,0.38375747,0.06939402967691422,121958.19828822932,64988.849160920676,56969.34912730864,0.5892846746216707,60.78527258143807,3483.783786205604,97313.628125,85987.089375,0.9089079780226612,2024-12-11,101173.03125,1,BUY,0.26479152,0.6835551,0.051653374,0.6835551,0.09382271766662598,115218.48027135851,71212.47450890888,44006.00576244963,0.4551932782165803,60.78527258143807,3483.783786205604,97313.628125,85987.089375,0.9089079780226612,False,0.04800377570974468,True
114,2024-12-12,100043.0,1,BUY,0.36733657,0.3907234,0.24194005,0.3907234,-0.033832356333732605,124608.56596156504,64988.849160920676,59619.71680064437,0.5892846746216707,58.78964338935886,3382.950014111295,97365.894921875,86659.30546875,0.7777210470220884,2024-12-12,100043.0,1,BUY,0.24737898,0.7016771,0.050943896,0.7016771,-0.14167937636375427,117265.75827070492,71212.47450890888,46053.283761796025,0.4551932782165803,58.78964338935886,3382.950014111295,97365.894921875,86659.30546875,0.7777210470220884,False,0.060949807207900664,True
115,2024-12-13,101459.2578125,1,BUY,0.36543706,0.39149076,0.2430722,0.39149076,0.10985130816698074,123942.65586409648,64988.849160920676,58953.8067031758,0.5892846746216707,58.131162607997595,3378.374889802537,97549.99375,87325.26953125,0.8791338638207087,2024-12-13,101459.2578125,1,BUY,0.24162838,0.70507264,0.053299002,0.70507264,-0.018780186772346497,116751.37564153023,71212.47450890888,45538.901132621344,0.4551932782165803,58.131162607997595,3378.374889802537,97549.99375,87325.26953125,0.8791338638207087,False,-0.01397328130095321,False
116,2024-12-14,101372.96875,1,BUY,0.3563155,0.40345308,0.2402314,0.40345308,0.04440895467996597,124777.23488831593,64988.849160920676,59788.38572739526,0.5892846746216707,60.40705444796596,3329.4069339788402,97717.951171875,88019.880625,0.8365162280166315,2024-12-14,101372.96875,1,BUY,0.24030696,0.6976647,0.06202836,0.6976647,-0.14796073734760284,117396.04667800193,71212.47450890888,46183.57216909306,0.4551932782165803,60.40705444796596,3329.4069339788402,97717.951171875,88019.880625,0.8365162280166315,False,-0.03829438629319026,False
117,2024-12-15,104298.6953125,1,BUY,0.3550251,0.41247892,0.23249592,0.41247892,0.11693999916315079,124726.38606619721,64988.849160920676,59737.53690527654,0.5892846746216707,63.62809241898109,3486.4910597981216,98277.77109375,88765.560625,1.0256126592257315,2024-12-15,104298.6953125,1,BUY,0.2638972,0.6705754,0.065527365,0.6705754,-0.022734031081199646,117356.76847676834,71212.47450890888,46144.29396785945,0.4551932782165803,63.62809241898109,3486.4910597981216,98277.77109375,88765.560625,1.0256126592257315,False,-0.06273103997510754,False
118,2024-12-16,106029.71875,1,BUY,0.3623012,0.40242493,0.23527384,0.40242493,0.13493523001670837,126450.471891612,64988.849160920676,61461.62273069133,0.5892846746216707,69.49584967047011,3707.917916240025,98979.991015625,89527.5690625,1.0954395658495717,2024-12-16,106029.71875,1,BUY,0.2949004,0.63760394,0.06749564,0.63760394,0.11813339591026306,118688.53954191803,71212.47450890888,47476.06503300915,0.4551932782165803,69.49584967047011,3707.917916240025,98979.991015625,89527.5690625,1.0954395658495717,False,-0.08304268172455187,False
119,2024-12-17,106140.6015625,1,BUY,0.36196935,0.40664834,0.23138233,0.40664834,0.060143254697322845,127470.53747474168,64988.849160920676,62481.688313821,0.5892846746216707,69.46542237080601,3847.990373808585,99488.89453125,90252.2259375,1.008187904300269,2024-12-17,106140.6015625,1,BUY,0.2833918,0.64941967,0.06718852,0.64941967,-0.04543595016002655,119476.4897751034,71212.47450890888,48264.01526619451,0.4551932782165803,69.46542237080601,3847.990373808585,99488.89453125,90252.2259375,1.008187904300269,False,-0.10397212659475785,False
120,2024-12-18,100041.5390625,0,HOLD,0.3921237,0.36484176,0.2430346,0.3921237,-0.22543865442276,127535.87901682688,64988.849160920676,62547.0298559062,0.5892846746216707,52.16683160535567,3427.347109808936,99708.348046875,90798.646875,0.5264758041880129,2024-12-18,100041.5390625,1,BUY,0.20409936,0.7538101,0.04209052,0.7538101,-0.3332740068435669,119526.96288602313,71212.47450890888,48314.488377114256,0.4551932782165803,52.16683160535567,3427.347109808936,99708.348046875,90798.646875,0.5264758041880129,True,-0.053530732585534535,True
121,2024-12-19,97490.953125,1,BUY,0.3746011,0.38091335,0.24448556,0.38091335,-0.3886832892894745,123941.79495601714,64988.849160920676,58952.94579509647,0.5892846746216707,51.508181456031586,2855.259667389735,99709.81953125,91301.67515625,0.323624268280885,2024-12-19,97490.953125,1,BUY,0.19765103,0.7621758,0.040173177,0.7621758,-0.33635398745536804,116750.71063260033,71212.47450890888,45538.236123691444,0.4551932782165803,51.508181456031586,2855.259667389735,99709.81953125,91301.67515625,0.323624268280885,False,0.012156416436717388,True
122,2024-12-20,97755.9296875,0,HOLD,0.39098918,0.3807846,0.22822618,0.39098918,-0.35368379950523376,122438.77375174285,64988.849160920676,57449.92459082217,0.5892846746216707,45.94432959632985,2395.6421699970088,99775.16328125,91852.49,0.336462651242849,2024-12-20,97755.9296875,1,BUY,0.20121309,0.75707686,0.04171004,0.75707686,-0.3206178545951843,115589.70105833659,71212.47450890888,44377.22654942771,0.4551932782165803,45.94432959632985,2395.6421699970088,99775.16328125,91852.49,0.336462651242849,True,0.015786925968924947,True
123,2024-12-21,97224.7265625,1,BUY,0.3718078,0.3852835,0.24290864,0.3852835,-0.3976328670978546,122594.92037915802,64988.849160920676,57606.07121823735,0.5892846746216707,45.04240241302223,1965.8670475953404,99772.41015625,92407.33515625,0.2938216458078855,2024-12-21,97224.7265625,1,BUY,0.19236392,0.7645926,0.043043528,0.7645926,-0.39345940947532654,115710.31660847153,71212.47450890888,44497.84209956265,0.4551932782165803,45.04240241302223,1965.8670475953404,99772.41015625,92407.33515625,0.2938216458078855,False,-0.014700076698917153,False
124,2024-12-22,95104.9375,1,BUY,0.37071416,0.3855526,0.24373329,0.3855526,-0.48288482427597046,122281.89051848439,64988.849160920676,57293.041357563714,0.5892846746216707,39.06102857091881,1437.645621382122,99734.391796875,92923.6484375,0.13187976623658265,2024-12-22,95104.9375,1,BUY,0.18472962,0.7646515,0.050618924,0.7646515,-0.3129928708076477,115468.51651660388,71212.47450890888,44256.042007695,0.4551932782165803,39.06102857091881,1437.645621382122,99734.391796875,92923.6484375,0.13187976623658265,False,-0.009884640584512216,False
125,2024-12-23,94686.2421875,1,BUY,0.36534807,0.39622322,0.23842867,0.39622322,-0.5486457347869873,121032.7313105225,64988.849160920676,56043.88214960183,0.5892846746216707,44.42666015609518,974.0133038773929,99668.595703125,93442.5509375,0.11538671296028505,2024-12-23,94686.2421875,1,BUY,0.17303516,0.7784845,0.048480313,0.7784845,-0.3395233452320099,114503.60278411687,71212.47450890888,43291.12827520798,0.4551932782165803,44.42666015609518,974.0133038773929,99668.595703125,93442.5509375,0.11538671296028505,False,0.005044951504718842,True
126,2024-12-24,98676.09375,1,BUY,0.36793968,0.39009276,0.2419675,0.39009276,-0.2434171736240387,120786.00057953032,64988.849160920676,55797.15141860965,0.5892846746216707,53.58902437007601,917.9475010873139,99663.973828125,94059.84265625,0.42377386721869725,2024-12-24,98676.09375,1,BUY,0.21221742,0.7402448,0.047537833,0.7402448,-0.356716513633728,114313.01549224608,71212.47450890888,43100.54098333719,0.4551932782165803,53.58902437007601,917.9475010873139,99663.973828125,94059.84265625,0.42377386721869725,False,-0.05214907676156366,False
127,2024-12-25,99299.1953125,1,BUY,0.37236676,0.39135912,0.23627411,0.39135912,-0.20360389351844788,123137.15895932689,64988.849160920676,58148.30979840622,0.5892846746216707,46.09576462629371,913.2664696866996,99799.255078125,94658.6353125,0.46044491642631746,2024-12-25,99299.1953125,1,BUY,0.19918089,0.75434417,0.046474922,0.75434417,-0.40303388237953186,116129.169104578,71212.47450890888,44916.69459566911,0.4551932782165803,46.09576462629371,913.2664696866996,99799.255078125,94658.6353125,0.46044491642631746,False,,False
128,2024-12-26,95795.515625,1,BUY,0.3741152,0.37897065,0.24691413,0.37897065,-0.5052554607391357,123504.34316084097,64988.849160920676,58515.49399992029,0.5892846746216707,41.94671373519332,619.69558431943,99592.9953125,95061.7640625,0.21094268574340622,2024-12-26,95795.515625,1,BUY,0.18936844,0.76528627,0.045345277,0.76528627,-0.3683018088340759,116412.80074747425,71212.47450890888,45200.32623856536,0.4551932782165803,41.94671373519332,619.69558431943,99592.9953125,95061.7640625,0.21094268574340622,False,,False
129,2024-12-27,94164.859375,1,BUY,0.3767256,0.389727,0.23354736,0.389727,-0.49424758553504944,121439.67841621397,64988.849160920676,56450.82925529329,0.5892846746216707,36.28125856794126,252.54700650380983,99305.071484375,95426.9640625,0.13276438124025394,2024-12-27,94164.859375,1,BUY,0.17875324,0.7701494,0.051097356,0.7701494,-0.25035589933395386,114817.94930470028,71212.47450890888,43605.474795791386,0.4551932782165803,36.28125856794126,252.54700650380983,99305.071484375,95426.9640625,0.13276438124025394,False,,False
130,2024-12-28,95163.9296875,1,BUY,0.36134407,0.41467375,0.2239822,0.41467375,-0.37225016951560974,120478.75767851292,64988.849160920676,55489.90851759225,0.5892846746216707,38.71014207409945,41.71487495020847,99001.4671875,95799.333125,0.23240921483252458,2024-12-28,95163.9296875,1,BUY,0.18882367,0.76065326,0.050523102,0.76065326,-0.32060033082962036,114075.68554061842,71212.47450890888,42863.211031709536,0.4551932782165803,38.71014207409945,41.71487495020847,99001.4671875,95799.333125,0.23240921483252458,False,,False
131,2024-12-29,93530.2265625,1,BUY,0.3675114,0.40404436,0.22844426,0.40404436,-0.4004436433315277,121067.49450253867,64988.849160920676,56078.64534161799,0.5892846746216707,29.45441276602341,-254.26627370230563,98806.342578125,96134.3603125,0.1507036458737568,2024-12-29,93530.2265625,1,BUY,0.18225679,0.7665189,0.05122431,0.7665189,-0.19129779934883118,114530.45563133416,71212.47450890888,43317.98112242527,0.4551932782165803,29.45441276602341,-254.26627370230563,98806.342578125,96134.3603125,0.1507036458737568,False,,False
